"status_id","screen_name","urls_expanded_url","urls","img_links","tweet_link","img_and_tweet_link"
"1288202569488056322","fredffery","https://tabsoft.co/30Cir3b","https://public.tableau.com/profile/fredfery#!/vizhome/ThefailingoftheFirstworldcountriesagainstCovid-19ironviz2020/Manyfirstworldleadershavefailedintheirresponsetocoronavirus","https://public.tableau.com/static/images/Th/ThefailingoftheFirstworldcountriesagainstCovid-19ironviz2020/Manyfirstworldleadershavefailedintheirresponsetocoronavirus/1.png","https://twitter.com/fredffery/status/1288202569488056322","<a href='https://twitter.com/fredffery/status/1288202569488056322'><img src='https://public.tableau.com/static/images/Th/ThefailingoftheFirstworldcountriesagainstCovid-19ironviz2020/Manyfirstworldleadershavefailedintheirresponsetocoronavirus/1.png'></a>"
"1291341468376997891","SParsonsDataViz","https://public.tableau.com/profile/nick.hecker5100#!/vizhome/Whatsinthatbread/BreadBasket","https://public.tableau.com/profile/nick.hecker5100#!/vizhome/Whatsinthatbread/BreadBasket","https://public.tableau.com/static/images/Wh/Whatsinthatbread/BreadBasket/1.png","https://twitter.com/SParsonsDataViz/status/1291341468376997891","<a href='https://twitter.com/SParsonsDataViz/status/1291341468376997891'><img src='https://public.tableau.com/static/images/Wh/Whatsinthatbread/BreadBasket/1.png'></a>"
"1291013214881251329","VinodhDataArt","https://bit.ly/Planet_health","https://public.tableau.com/profile/vinodh#!/vizhome/Ironviz_submission/Dashboard13","https://public.tableau.com/static/images/Ir/Ironviz_submission/Dashboard13/1.png","https://twitter.com/VinodhDataArt/status/1291013214881251329","<a href='https://twitter.com/VinodhDataArt/status/1291013214881251329'><img src='https://public.tableau.com/static/images/Ir/Ironviz_submission/Dashboard13/1.png'></a>"
"1291164656745275392","brendon_gu","https://tabsoft.co/3a1gUIf","https://public.tableau.com/profile/brendon.gu#!/vizhome/WhatstheDealwithDiets/DashboardImage","https://public.tableau.com/static/images/Wh/WhatstheDealwithDiets/DashboardImage/1.png","https://twitter.com/brendon_gu/status/1291164656745275392","<a href='https://twitter.com/brendon_gu/status/1291164656745275392'><img src='https://public.tableau.com/static/images/Wh/WhatstheDealwithDiets/DashboardImage/1.png'></a>"
"1291111562179227648","emdepad","https://tabsoft.co/3fv3ghr","https://public.tableau.com/profile/emily.de.padua#!/vizhome/AllByMyself/AllbyMyself","https://public.tableau.com/static/images/Al/AllByMyself/AllbyMyself/1.png","https://twitter.com/emdepad/status/1291111562179227648","<a href='https://twitter.com/emdepad/status/1291111562179227648'><img src='https://public.tableau.com/static/images/Al/AllByMyself/AllbyMyself/1.png'></a>"
"1291107880729485313","chandrika90","https://tabsoft.co/3fxvmso","https://public.tableau.com/profile/chandrika.kapagunta#!/vizhome/MentalHealthinIndia/MentalHealthinIndia","https://public.tableau.com/static/images/Me/MentalHealthinIndia/MentalHealthinIndia/1.png","https://twitter.com/chandrika90/status/1291107880729485313","<a href='https://twitter.com/chandrika90/status/1291107880729485313'><img src='https://public.tableau.com/static/images/Me/MentalHealthinIndia/MentalHealthinIndia/1.png'></a>"
"1289100986590670849","Scribblr_42","https://tabsoft.co/2DoKZVH","https://public.tableau.com/profile/scribblr.42#!/vizhome/SLEEPINGROUGHIRONVIZ2020/SLEEPINGROUGHIRONVIZ2020","https://public.tableau.com/static/images/SL/SLEEPINGROUGHIRONVIZ2020/SLEEPINGROUGHIRONVIZ2020/1.png","https://twitter.com/Scribblr_42/status/1289100986590670849","<a href='https://twitter.com/Scribblr_42/status/1289100986590670849'><img src='https://public.tableau.com/static/images/SL/SLEEPINGROUGHIRONVIZ2020/SLEEPINGROUGHIRONVIZ2020/1.png'></a>"
"1290870300154896384","BLarsenViz","https://public.tableau.com/profile/bryce.larsen#!/vizhome/Vaccine-IronViz/Vaccines","https://public.tableau.com/profile/bryce.larsen#!/vizhome/Vaccine-IronViz/Vaccines","https://public.tableau.com/static/images/Va/Vaccine-IronViz/Vaccines/1.png","https://twitter.com/BLarsenViz/status/1290870300154896384","<a href='https://twitter.com/BLarsenViz/status/1290870300154896384'><img src='https://public.tableau.com/static/images/Va/Vaccine-IronViz/Vaccines/1.png'></a>"
"1291032054583500803","AdrianZinovei","https://public.tableau.com/profile/adrian.zinovei#!/vizhome/IronViz2020BLMNumbersEquality/BLMNumbersCOVIDIronViz","https://public.tableau.com/profile/adrian.zinovei#!/vizhome/IronViz2020BLMNumbersEquality/BLMNumbersCOVIDIronViz","https://public.tableau.com/static/images/Ir/IronViz2020BLMNumbersEquality/BLMNumbersCOVIDIronViz/1.png","https://twitter.com/AdrianZinovei/status/1291032054583500803","<a href='https://twitter.com/AdrianZinovei/status/1291032054583500803'><img src='https://public.tableau.com/static/images/Ir/IronViz2020BLMNumbersEquality/BLMNumbersCOVIDIronViz/1.png'></a>"
"1291017026819878912","Teki_akarusa","https://public.tableau.com/profile/ame.tso#!/vizhome/WorldHappinessReport_15963737779520/WorldHappinessReport?publish=yes","https://public.tableau.com/profile/ame.tso#!/vizhome/WorldHappinessReport_15963737779520/WorldHappinessReport?publish=yes","https://public.tableau.com/static/images/Wo/WorldHappinessReport_15963737779520/WorldHappinessReport/1.png","https://twitter.com/Teki_akarusa/status/1291017026819878912","<a href='https://twitter.com/Teki_akarusa/status/1291017026819878912'><img src='https://public.tableau.com/static/images/Wo/WorldHappinessReport_15963737779520/WorldHappinessReport/1.png'></a>"
"1290049699831930880","katuvani","https://tabsoft.co/2DuGLMi","https://public.tableau.com/profile/pratik4421#!/vizhome/IRONVIZ/HOMEPAGE","https://public.tableau.com/static/images/IR/IRONVIZ/HOMEPAGE/1.png","https://twitter.com/katuvani/status/1290049699831930880","<a href='https://twitter.com/katuvani/status/1290049699831930880'><img src='https://public.tableau.com/static/images/IR/IRONVIZ/HOMEPAGE/1.png'></a>"
"1290665123800141834","DatVizGuy","https://public.tableau.com/profile/jay.farias#!/vizhome/BloodTypes/BloodTypes","https://public.tableau.com/profile/jay.farias#!/vizhome/BloodTypes/BloodTypes","https://public.tableau.com/static/images/Bl/BloodTypes/BloodTypes/1.png","https://twitter.com/DatVizGuy/status/1290665123800141834","<a href='https://twitter.com/DatVizGuy/status/1290665123800141834'><img src='https://public.tableau.com/static/images/Bl/BloodTypes/BloodTypes/1.png'></a>"
"1290972917430272001","PawanSTableau","https://public.tableau.com/profile/pawan.sachdeva#!/vizhome/Yoga-BeyondtheBarriers/Yoga-BeyondtheBarriers","https://public.tableau.com/profile/pawan.sachdeva#!/vizhome/Yoga-BeyondtheBarriers/Yoga-BeyondtheBarriers","https://public.tableau.com/static/images/Yo/Yoga-BeyondtheBarriers/Yoga-BeyondtheBarriers/1.png","https://twitter.com/PawanSTableau/status/1290972917430272001","<a href='https://twitter.com/PawanSTableau/status/1290972917430272001'><img src='https://public.tableau.com/static/images/Yo/Yoga-BeyondtheBarriers/Yoga-BeyondtheBarriers/1.png'></a>"
"1290963396586684417","ShravaniBheema","https://public.tableau.com/profile/shravani.bheema#!/vizhome/WhatMakesPeopleHappy/Dashboard1","https://public.tableau.com/profile/shravani.bheema#!/vizhome/WhatMakesPeopleHappy/Dashboard1","https://public.tableau.com/static/images/Wh/WhatMakesPeopleHappy/Dashboard1/1.png","https://twitter.com/ShravaniBheema/status/1290963396586684417","<a href='https://twitter.com/ShravaniBheema/status/1290963396586684417'><img src='https://public.tableau.com/static/images/Wh/WhatMakesPeopleHappy/Dashboard1/1.png'></a>"
"1289931643717787648","thedarkhorse93","https://lnkd.in/eY53ysz","https://public.tableau.com/profile/sagar.dhuri#!/vizhome/FGMinTanzania_15914504380560/FGMinTanzania","https://public.tableau.com/static/images/FG/FGMinTanzania_15914504380560/FGMinTanzania/1.png","https://twitter.com/thedarkhorse93/status/1289931643717787648","<a href='https://twitter.com/thedarkhorse93/status/1289931643717787648'><img src='https://public.tableau.com/static/images/FG/FGMinTanzania_15914504380560/FGMinTanzania/1.png'></a>"
"1290911976894402560","xrayattack","https://public.tableau.com/views/DigitalRevolution/DigitalRevolution","https://public.tableau.com/views/DigitalRevolution/DigitalRevolution","https://public.tableau.com/static/images/Di/DigitalRevolution/DigitalRevolution/1.png","https://twitter.com/xrayattack/status/1290911976894402560","<a href='https://twitter.com/xrayattack/status/1290911976894402560'><img src='https://public.tableau.com/static/images/Di/DigitalRevolution/DigitalRevolution/1.png'></a>"
"1290907989918900224","thecfelix","https://public.tableau.com/views/IronVizTiesthatHeal-AVisualExplorationofSocialCapitalCOVID-19/IronVizTheTiesthatHeal-SocialCapitalandCOVID-19?&:showVizHome=no","https://public.tableau.com/views/IronVizTiesthatHeal-AVisualExplorationofSocialCapitalCOVID-19/IronVizTheTiesthatHeal-SocialCapitalandCOVID-19?&:showVizHome=no","https://public.tableau.com/static/images/Ir/IronVizTiesthatHeal-AVisualExplorationofSocialCapitalCOVID-19/IronVizTheTiesthatHeal-SocialCapitalandCOVID-19/1.png","https://twitter.com/thecfelix/status/1290907989918900224","<a href='https://twitter.com/thecfelix/status/1290907989918900224'><img src='https://public.tableau.com/static/images/Ir/IronVizTiesthatHeal-AVisualExplorationofSocialCapitalCOVID-19/IronVizTheTiesthatHeal-SocialCapitalandCOVID-19/1.png'></a>"
"1290341316828618753","priyankadobhal_","https://tabsoft.co/3ifBjwf","https://public.tableau.com/profile/priyanka.dobhal0993#!/vizhome/IronVizHasCOVID-19takenovertheNews/DarkMode","https://public.tableau.com/static/images/Ir/IronVizHasCOVID-19takenovertheNews/DarkMode/1.png","https://twitter.com/priyankadobhal_/status/1290341316828618753","<a href='https://twitter.com/priyankadobhal_/status/1290341316828618753'><img src='https://public.tableau.com/static/images/Ir/IronVizHasCOVID-19takenovertheNews/DarkMode/1.png'></a>"
"1290900908834947072","nataliatamiteva","https://tinyurl.com/NMironviz","https://public.tableau.com/profile/natalia.miteva#!/vizhome/GlobalHealthIndicatorsIronViz2020/GlobalHealthIndicatorsIronViz2020","https://public.tableau.com/static/images/Gl/GlobalHealthIndicatorsIronViz2020/GlobalHealthIndicatorsIronViz2020/1.png","https://twitter.com/nataliatamiteva/status/1290900908834947072","<a href='https://twitter.com/nataliatamiteva/status/1290900908834947072'><img src='https://public.tableau.com/static/images/Gl/GlobalHealthIndicatorsIronViz2020/GlobalHealthIndicatorsIronViz2020/1.png'></a>"
"1290900229076721664","SeemaAg54435750","https://public.tableau.com/profile/seema.agarwal#!/vizhome/StoryofHappiness_IronViz2020/Dashboard1","https://public.tableau.com/profile/seema.agarwal#!/vizhome/StoryofHappiness_IronViz2020/Dashboard1","https://public.tableau.com/static/images/St/StoryofHappiness_IronViz2020/Dashboard1/1.png","https://twitter.com/SeemaAg54435750/status/1290900229076721664","<a href='https://twitter.com/SeemaAg54435750/status/1290900229076721664'><img src='https://public.tableau.com/static/images/St/StoryofHappiness_IronViz2020/Dashboard1/1.png'></a>"
"1290878813589647360","dreamsofdata","https://tabsoft.co/3kePzqA","https://public.tableau.com/profile/dreamsofdata#!/vizhome/NatureAndHappiness_IronViz2020/MAPPINESSSTUDY","https://public.tableau.com/static/images/Na/NatureAndHappiness_IronViz2020/MAPPINESSSTUDY/1.png","https://twitter.com/dreamsofdata/status/1290878813589647360","<a href='https://twitter.com/dreamsofdata/status/1290878813589647360'><img src='https://public.tableau.com/static/images/Na/NatureAndHappiness_IronViz2020/MAPPINESSSTUDY/1.png'></a>"
"1290861469182042113","tsolomon91","https://public.tableau.com/views/SquaringTheCurve/ManyHappyReturns?:language=en&:display_count=y&:origin=viz_share_link","https://public.tableau.com/views/SquaringTheCurve/ManyHappyReturns?:language=en&:display_count=y&:origin=viz_share_link","https://public.tableau.com/static/images/Sq/SquaringTheCurve/ManyHappyReturns/1.png","https://twitter.com/tsolomon91/status/1290861469182042113","<a href='https://twitter.com/tsolomon91/status/1290861469182042113'><img src='https://public.tableau.com/static/images/Sq/SquaringTheCurve/ManyHappyReturns/1.png'></a>"
"1290830380128321536","riddhi_tthakkar","https://public.tableau.com/profile/riddhi1180#!/vizhome/YogafromEasttoWestIronViz/YogafromEasttoWest?publish=yes","https://public.tableau.com/profile/riddhi1180#!/vizhome/YogafromEasttoWestIronViz/YogafromEasttoWest?publish=yes","https://public.tableau.com/static/images/Yo/YogafromEasttoWestIronViz/YogafromEasttoWest/1.png","https://twitter.com/riddhi_tthakkar/status/1290830380128321536","<a href='https://twitter.com/riddhi_tthakkar/status/1290830380128321536'><img src='https://public.tableau.com/static/images/Yo/YogafromEasttoWestIronViz/YogafromEasttoWest/1.png'></a>"
"1290830090176286722","DikshaA90158689","https://lnkd.in/gr9Q4aa","https://public.tableau.com/profile/diksha.agrawal#!/vizhome/IronViz2020-Areyoutakingpropernutrition/Dashboard1","https://public.tableau.com/static/images/Ir/IronViz2020-Areyoutakingpropernutrition/Dashboard1/1.png","https://twitter.com/DikshaA90158689/status/1290830090176286722","<a href='https://twitter.com/DikshaA90158689/status/1290830090176286722'><img src='https://public.tableau.com/static/images/Ir/IronViz2020-Areyoutakingpropernutrition/Dashboard1/1.png'></a>"
"1290821943399153666","MaritImsdahl","https://public.tableau.com/profile/marit.imsdahl#!/vizhome/GlobalHappiness_15965887709390/GlobalHappiness","https://public.tableau.com/profile/marit.imsdahl#!/vizhome/GlobalHappiness_15965887709390/GlobalHappiness","https://public.tableau.com/static/images/Gl/GlobalHappiness_15965887709390/GlobalHappiness/1.png","https://twitter.com/MaritImsdahl/status/1290821943399153666","<a href='https://twitter.com/MaritImsdahl/status/1290821943399153666'><img src='https://public.tableau.com/static/images/Gl/GlobalHappiness_15965887709390/GlobalHappiness/1.png'></a>"
"1288842231227527168","Dave_Andrade","https://public.tableau.com/views/GoodNightSleepTightDontLettheCOVID-19PandemicBite/GoodNightSleepTightDontLettheCOVID-19PandemicBite?:language=en&:display_count=y&publish=yes&:origin=viz_share_link","https://public.tableau.com/views/GoodNightSleepTightDontLettheCOVID-19PandemicBite/GoodNightSleepTightDontLettheCOVID-19PandemicBite?:language=en&:display_count=y&publish=yes&:origin=viz_share_link","https://public.tableau.com/static/images/Go/GoodNightSleepTightDontLettheCOVID-19PandemicBite/GoodNightSleepTightDontLettheCOVID-19PandemicBite/1.png","https://twitter.com/Dave_Andrade/status/1288842231227527168","<a href='https://twitter.com/Dave_Andrade/status/1288842231227527168'><img src='https://public.tableau.com/static/images/Go/GoodNightSleepTightDontLettheCOVID-19PandemicBite/GoodNightSleepTightDontLettheCOVID-19PandemicBite/1.png'></a>"
"1290794865584824320","PMeetali1","https://public.tableau.com/profile/meetali.pandey#!/vizhome/Mindfulness/Mindfulness?publish=yes","https://public.tableau.com/profile/meetali.pandey#!/vizhome/Mindfulness/Mindfulness?publish=yes","https://public.tableau.com/static/images/Mi/Mindfulness/Mindfulness/1.png","https://twitter.com/PMeetali1/status/1290794865584824320","<a href='https://twitter.com/PMeetali1/status/1290794865584824320'><img src='https://public.tableau.com/static/images/Mi/Mindfulness/Mindfulness/1.png'></a>"
"1288581924722794502","agatavizz","https://public.tableau.com/profile/agata1619#!/vizhome/Whattimearebabiesborn/Whattimearebabiesborn?publish=yes","https://public.tableau.com/profile/agata1619#!/vizhome/Whattimearebabiesborn/Whattimearebabiesborn?publish=yes","https://public.tableau.com/static/images/Wh/Whattimearebabiesborn/Whattimearebabiesborn/1.png","https://twitter.com/agatavizz/status/1288581924722794502","<a href='https://twitter.com/agatavizz/status/1288581924722794502'><img src='https://public.tableau.com/static/images/Wh/Whattimearebabiesborn/Whattimearebabiesborn/1.png'></a>"
"1290773023893729280","DiegoTParker","https://public.tableau.com/views/TheInequalityPandemic/INTRO?:language=en&:display_count=y&:origin=viz_share_link","https://public.tableau.com/views/TheInequalityPandemic/INTRO?:language=en&:display_count=y&:origin=viz_share_link","https://public.tableau.com/static/images/Th/TheInequalityPandemic/INTRO/1.png","https://twitter.com/DiegoTParker/status/1290773023893729280","<a href='https://twitter.com/DiegoTParker/status/1290773023893729280'><img src='https://public.tableau.com/static/images/Th/TheInequalityPandemic/INTRO/1.png'></a>"
"1290733864596512771","Evolytics","https://bit.ly/ironvizliam","https://public.tableau.com/profile/liam.huffman#!/vizhome/IronVizWorkbook/IronVizDrugAbuseAmongstTeens3","https://public.tableau.com/static/images/Ir/IronVizWorkbook/IronVizDrugAbuseAmongstTeens3/1.png","https://twitter.com/Evolytics/status/1290733864596512771","<a href='https://twitter.com/Evolytics/status/1290733864596512771'><img src='https://public.tableau.com/static/images/Ir/IronVizWorkbook/IronVizDrugAbuseAmongstTeens3/1.png'></a>"
"1288926708905762816","_Lorna_Brown","https://public.tableau.com/views/IronViz2020-TheSoundofWellness/TheSoundofWellness?%3Alanguage=en-GB&%3Adisplay_count=y&%3Aorigin=viz_share_link&%3AshowVizHome=no#1","https://public.tableau.com/views/IronViz2020-TheSoundofWellness/TheSoundofWellness?%3Alanguage=en-GB&%3Adisplay_count=y&%3Aorigin=viz_share_link&%3AshowVizHome=no#1","https://public.tableau.com/static/images/Ir/IronViz2020-TheSoundofWellness/TheSoundofWellness/1.png","https://twitter.com/_Lorna_Brown/status/1288926708905762816","<a href='https://twitter.com/_Lorna_Brown/status/1288926708905762816'><img src='https://public.tableau.com/static/images/Ir/IronViz2020-TheSoundofWellness/TheSoundofWellness/1.png'></a>"
"1290738849530941446","jrcopreros","https://tabsoft.co/3gofxpn","https://public.tableau.com/profile/jrcopreros#!/vizhome/TheInvisibleEnemyShiningaLightonTheGlobalMentalHealthCrisisIronViz2020v3/Dashboard","https://public.tableau.com/static/images/Th/TheInvisibleEnemyShiningaLightonTheGlobalMentalHealthCrisisIronViz2020v3/Dashboard/1.png","https://twitter.com/jrcopreros/status/1290738849530941446","<a href='https://twitter.com/jrcopreros/status/1290738849530941446'><img src='https://public.tableau.com/static/images/Th/TheInvisibleEnemyShiningaLightonTheGlobalMentalHealthCrisisIronViz2020v3/Dashboard/1.png'></a>"
"1290360238747648000","ProfDrKSchulte","https://public.tableau.com/profile/klaus.schulte#!/vizhome/TheIschglSpread-ironviz2020/TheIschglSpread-ironviz2020","https://public.tableau.com/profile/klaus.schulte#!/vizhome/TheIschglSpread-ironviz2020/TheIschglSpread-ironviz2020","https://public.tableau.com/static/images/Th/TheIschglSpread-ironviz2020/TheIschglSpread-ironviz2020/1.png","https://twitter.com/ProfDrKSchulte/status/1290360238747648000","<a href='https://twitter.com/ProfDrKSchulte/status/1290360238747648000'><img src='https://public.tableau.com/static/images/Th/TheIschglSpread-ironviz2020/TheIschglSpread-ironviz2020/1.png'></a>"
"1290389295669350406","EveThomas1","https://tabsoft.co/3k52dZb","https://public.tableau.com/profile/eve.thomas#!/vizhome/AStudyofMaternalHealthIRONVIZ/AStudyofMaternalHealth?publish=yes","https://public.tableau.com/static/images/AS/AStudyofMaternalHealthIRONVIZ/AStudyofMaternalHealth/1.png","https://twitter.com/EveThomas1/status/1290389295669350406","<a href='https://twitter.com/EveThomas1/status/1290389295669350406'><img src='https://public.tableau.com/static/images/AS/AStudyofMaternalHealthIRONVIZ/AStudyofMaternalHealth/1.png'></a>"
"1290698082577874944","marajjm","https://public.tableau.com/profile/marajjm#!/vizhome/PandemicImpactonUSTravel/TripsoverTimeUS","https://public.tableau.com/profile/marajjm#!/vizhome/PandemicImpactonUSTravel/TripsoverTimeUS","https://public.tableau.com/static/images/Pa/PandemicImpactonUSTravel/TripsoverTimeUS/1.png","https://twitter.com/marajjm/status/1290698082577874944","<a href='https://twitter.com/marajjm/status/1290698082577874944'><img src='https://public.tableau.com/static/images/Pa/PandemicImpactonUSTravel/TripsoverTimeUS/1.png'></a>"
"1290672819752308738","ReadySetData","https://bit.ly/EBironviz20","https://public.tableau.com/profile/eric.balash#!/vizhome/Ironviz2020FindingHerReflection/Ironviz2020FindingHerReflection","https://public.tableau.com/static/images/Ir/Ironviz2020FindingHerReflection/Ironviz2020FindingHerReflection/1.png","https://twitter.com/ReadySetData/status/1290672819752308738","<a href='https://twitter.com/ReadySetData/status/1290672819752308738'><img src='https://public.tableau.com/static/images/Ir/Ironviz2020FindingHerReflection/Ironviz2020FindingHerReflection/1.png'></a>"
"1288877829413916672","WindsCogley","https://public.tableau.com/profile/kelly#!/vizhome/GoT/GoT","https://public.tableau.com/profile/kelly#!/vizhome/GoT/GoT","https://public.tableau.com/static/images/Go/GoT/GoT/1.png","https://twitter.com/WindsCogley/status/1288877829413916672","<a href='https://twitter.com/WindsCogley/status/1288877829413916672'><img src='https://public.tableau.com/static/images/Go/GoT/GoT/1.png'></a>"
"1290358039221080064","_stalsh","https://tabsoft.co/2PksV1V","https://public.tableau.com/profile/steven.shoemaker#!/vizhome/SupplementYourLife/Supplements","https://public.tableau.com/static/images/Su/SupplementYourLife/Supplements/1.png","https://twitter.com/_stalsh/status/1290358039221080064","<a href='https://twitter.com/_stalsh/status/1290358039221080064'><img src='https://public.tableau.com/static/images/Su/SupplementYourLife/Supplements/1.png'></a>"
"1290631901296852992","boknowsdata","https://public.tableau.com/views/McCreadyIronViz2020Working2/SeasonalAffectiveDisorder?:language=en&:display_count=y&:origin=viz_share_link","https://public.tableau.com/views/McCreadyIronViz2020Working2/SeasonalAffectiveDisorder?:language=en&:display_count=y&:origin=viz_share_link","https://public.tableau.com/static/images/Mc/McCreadyIronViz2020Working2/SeasonalAffectiveDisorder/1.png","https://twitter.com/boknowsdata/status/1290631901296852992","<a href='https://twitter.com/boknowsdata/status/1290631901296852992'><img src='https://public.tableau.com/static/images/Mc/McCreadyIronViz2020Working2/SeasonalAffectiveDisorder/1.png'></a>"
"1290628680385994760","RobertJanezic","https://public.tableau.com/views/Liv/Liv?:language=en&:display_count=y&:origin=viz_share_link","https://public.tableau.com/views/Liv/Liv?:language=en&:display_count=y&:origin=viz_share_link","https://public.tableau.com/static/images/Li/Liv/Liv/1.png","https://twitter.com/RobertJanezic/status/1290628680385994760","<a href='https://twitter.com/RobertJanezic/status/1290628680385994760'><img src='https://public.tableau.com/static/images/Li/Liv/Liv/1.png'></a>"
"1290617031482421248","VizByTK","https://public.tableau.com/profile/tausif.kazi#!/vizhome/IronViz2020/IronViz2020","https://public.tableau.com/profile/tausif.kazi#!/vizhome/IronViz2020/IronViz2020","https://public.tableau.com/static/images/Ir/IronViz2020/IronViz2020/1.png","https://twitter.com/VizByTK/status/1290617031482421248","<a href='https://twitter.com/VizByTK/status/1290617031482421248'><img src='https://public.tableau.com/static/images/Ir/IronViz2020/IronViz2020/1.png'></a>"
"1290617027963559938","alina_cros","https://public.tableau.com/profile/alina.cros#!/vizhome/MarathonvsMarathon/Raceoverview","https://public.tableau.com/profile/alina.cros#!/vizhome/MarathonvsMarathon/Raceoverview","https://public.tableau.com/static/images/Ma/MarathonvsMarathon/Raceoverview/1.png","https://twitter.com/alina_cros/status/1290617027963559938","<a href='https://twitter.com/alina_cros/status/1290617027963559938'><img src='https://public.tableau.com/static/images/Ma/MarathonvsMarathon/Raceoverview/1.png'></a>"
"1290610926064934912","Westlake_CJW","https://tabsoft.co/31bKzug","https://public.tableau.com/profile/westlake.cjw#!/vizhome/IronViz_15964719609530/MillionsMissing","https://public.tableau.com/static/images/Ir/IronViz_15964719609530/MillionsMissing/1.png","https://twitter.com/Westlake_CJW/status/1290610926064934912","<a href='https://twitter.com/Westlake_CJW/status/1290610926064934912'><img src='https://public.tableau.com/static/images/Ir/IronViz_15964719609530/MillionsMissing/1.png'></a>"
"1290591781147439104","jdrocks99","https://public.tableau.com/profile/jayshree.dawrewar#!/vizhome/IronViz2020ATributetoourNurses/IronViz2020ATributetoourNurses?publish=yes","https://public.tableau.com/profile/jayshree.dawrewar#!/vizhome/IronViz2020ATributetoourNurses/IronViz2020ATributetoourNurses?publish=yes","https://public.tableau.com/static/images/Ir/IronViz2020ATributetoourNurses/IronViz2020ATributetoourNurses/1.png","https://twitter.com/jdrocks99/status/1290591781147439104","<a href='https://twitter.com/jdrocks99/status/1290591781147439104'><img src='https://public.tableau.com/static/images/Ir/IronViz2020ATributetoourNurses/IronViz2020ATributetoourNurses/1.png'></a>"
"1290542990147096577","RobbinVernooij","https://tabsoft.co/3glB7L8","https://public.tableau.com/profile/robbin.vernooij#!/vizhome/TableaubyDaySleepingatNight_15964908917690/Tableaubydaysleepingatnight","https://public.tableau.com/static/images/Ta/TableaubyDaySleepingatNight_15964908917690/Tableaubydaysleepingatnight/1.png","https://twitter.com/RobbinVernooij/status/1290542990147096577","<a href='https://twitter.com/RobbinVernooij/status/1290542990147096577'><img src='https://public.tableau.com/static/images/Ta/TableaubyDaySleepingatNight_15964908917690/Tableaubydaysleepingatnight/1.png'></a>"
"1290539159610826753","rajirai13","https://public.tableau.com/profile/rajeshwari.rai#!/vizhome/Covid19GlobalSpread/Dashboard?publish=yes","https://public.tableau.com/profile/rajeshwari.rai#!/vizhome/Covid19GlobalSpread/Dashboard?publish=yes","https://public.tableau.com/static/images/Co/Covid19GlobalSpread/Dashboard/1.png","https://twitter.com/rajirai13/status/1290539159610826753","<a href='https://twitter.com/rajirai13/status/1290539159610826753'><img src='https://public.tableau.com/static/images/Co/Covid19GlobalSpread/Dashboard/1.png'></a>"
"1290468325936574469","CaitlinMarieMcC","https://public.tableau.com/profile/caitlin.mccluskey#!/vizhome/ThisStatementHasNotBeenEvalutedbytheFDAIronViz2020/ThisStatementHasNotBeenEvaluatedbytheFDA","https://public.tableau.com/profile/caitlin.mccluskey#!/vizhome/ThisStatementHasNotBeenEvalutedbytheFDAIronViz2020/ThisStatementHasNotBeenEvaluatedbytheFDA","https://public.tableau.com/static/images/Th/ThisStatementHasNotBeenEvalutedbytheFDAIronViz2020/ThisStatementHasNotBeenEvaluatedbytheFDA/1.png","https://twitter.com/CaitlinMarieMcC/status/1290468325936574469","<a href='https://twitter.com/CaitlinMarieMcC/status/1290468325936574469'><img src='https://public.tableau.com/static/images/Th/ThisStatementHasNotBeenEvalutedbytheFDAIronViz2020/ThisStatementHasNotBeenEvaluatedbytheFDA/1.png'></a>"
"1290404089285824519","DanielLing13","https://tabsoft.co/3gptOCl","https://public.tableau.com/profile/daniel.ling#!/vizhome/PostNatalDepression_IronViz2020/PostnatalDepression_IronViz2020?publish=yes","https://public.tableau.com/static/images/Po/PostNatalDepression_IronViz2020/PostnatalDepression_IronViz2020/1.png","https://twitter.com/DanielLing13/status/1290404089285824519","<a href='https://twitter.com/DanielLing13/status/1290404089285824519'><img src='https://public.tableau.com/static/images/Po/PostNatalDepression_IronViz2020/PostnatalDepression_IronViz2020/1.png'></a>"
"1290400703916244992","fair_marian","https://public.tableau.com/profile/marian.fairman#!/vizhome/EvictionALoomingCrisisinPublicHealth/Evictions","https://public.tableau.com/profile/marian.fairman#!/vizhome/EvictionALoomingCrisisinPublicHealth/Evictions","https://public.tableau.com/static/images/Ev/EvictionALoomingCrisisinPublicHealth/Evictions/1.png","https://twitter.com/fair_marian/status/1290400703916244992","<a href='https://twitter.com/fair_marian/status/1290400703916244992'><img src='https://public.tableau.com/static/images/Ev/EvictionALoomingCrisisinPublicHealth/Evictions/1.png'></a>"
"1290396437751181314","paulisDataViz","https://public.tableau.com/profile/paula.munoz#!/vizhome/IronViz2020-HobbiesandQuarantine-SentimentAnalysis/HobbiesQuarantine-SentimentA?publish=yes","https://public.tableau.com/profile/paula.munoz#!/vizhome/IronViz2020-HobbiesandQuarantine-SentimentAnalysis/HobbiesQuarantine-SentimentA?publish=yes","https://public.tableau.com/static/images/Ir/IronViz2020-HobbiesandQuarantine-SentimentAnalysis/HobbiesQuarantine-SentimentA/1.png","https://twitter.com/paulisDataViz/status/1290396437751181314","<a href='https://twitter.com/paulisDataViz/status/1290396437751181314'><img src='https://public.tableau.com/static/images/Ir/IronViz2020-HobbiesandQuarantine-SentimentAnalysis/HobbiesQuarantine-SentimentA/1.png'></a>"
"1290363314380447746","KimTricker","https://public.tableau.com/profile/kim.tricker#!/vizhome/IronViz_15946664986640/SystemicRacismisnotImmunetoaGlobalPandemic","https://public.tableau.com/profile/kim.tricker#!/vizhome/IronViz_15946664986640/SystemicRacismisnotImmunetoaGlobalPandemic","https://public.tableau.com/static/images/Ir/IronViz_15946664986640/SystemicRacismisnotImmunetoaGlobalPandemic/1.png","https://twitter.com/KimTricker/status/1290363314380447746","<a href='https://twitter.com/KimTricker/status/1290363314380447746'><img src='https://public.tableau.com/static/images/Ir/IronViz_15946664986640/SystemicRacismisnotImmunetoaGlobalPandemic/1.png'></a>"
"1290352250058047491","RZydyk","https://tabsoft.co/2XpySPr","https://public.tableau.com/profile/roman.zydyk#!/vizhome/SaveWaterSaveTheWorld/Dashboard?publish=yes","https://public.tableau.com/static/images/Sa/SaveWaterSaveTheWorld/Dashboard/1.png","https://twitter.com/RZydyk/status/1290352250058047491","<a href='https://twitter.com/RZydyk/status/1290352250058047491'><img src='https://public.tableau.com/static/images/Sa/SaveWaterSaveTheWorld/Dashboard/1.png'></a>"
"1290320021504307200","kickoflegend","https://public.tableau.com/profile/roy.wang#!/vizhome/SSA-IronViz2020/SSADisability","https://public.tableau.com/profile/roy.wang#!/vizhome/SSA-IronViz2020/SSADisability","https://public.tableau.com/static/images/SS/SSA-IronViz2020/SSADisability/1.png","https://twitter.com/kickoflegend/status/1290320021504307200","<a href='https://twitter.com/kickoflegend/status/1290320021504307200'><img src='https://public.tableau.com/static/images/SS/SSA-IronViz2020/SSADisability/1.png'></a>"
"1290316574553812994","SinghVizALot","https://public.tableau.com/profile/pavneet.singh#!/vizhome/Doomcrolling/Doomscrolling","https://public.tableau.com/profile/pavneet.singh#!/vizhome/Doomcrolling/Doomscrolling","https://public.tableau.com/static/images/Do/Doomcrolling/Doomscrolling/1.png","https://twitter.com/SinghVizALot/status/1290316574553812994","<a href='https://twitter.com/SinghVizALot/status/1290316574553812994'><img src='https://public.tableau.com/static/images/Do/Doomcrolling/Doomscrolling/1.png'></a>"
"1290297676068614144","ngyxngyx","https://public.tableau.com/profile/ng.ying.xue#!/vizhome/IronVizSportingSceneinSingaporeIronViz2020/SportingSceneinSingapore","https://public.tableau.com/profile/ng.ying.xue#!/vizhome/IronVizSportingSceneinSingaporeIronViz2020/SportingSceneinSingapore","https://public.tableau.com/static/images/Ir/IronVizSportingSceneinSingaporeIronViz2020/SportingSceneinSingapore/1.png","https://twitter.com/ngyxngyx/status/1290297676068614144","<a href='https://twitter.com/ngyxngyx/status/1290297676068614144'><img src='https://public.tableau.com/static/images/Ir/IronVizSportingSceneinSingaporeIronViz2020/SportingSceneinSingapore/1.png'></a>"
"1290243093413769218","s0_s0w","https://tabsoft.co/33s6kbM","https://public.tableau.com/profile/soha.elghany#!/vizhome/USGunEpidemicironviz/Dashboard12","https://public.tableau.com/static/images/US/USGunEpidemicironviz/Dashboard12/1.png","https://twitter.com/s0_s0w/status/1290243093413769218","<a href='https://twitter.com/s0_s0w/status/1290243093413769218'><img src='https://public.tableau.com/static/images/US/USGunEpidemicironviz/Dashboard12/1.png'></a>"
"1290238418576740352","_DataLoy","https://public.tableau.com/views/IronVizMood/Dashboard1?:language=en-GB&:display_count=y&publish=yes&:toolbar=n&:origin=viz_share_link","https://public.tableau.com/views/IronVizMood/Dashboard1?:language=en-GB&:display_count=y&publish=yes&:toolbar=n&:origin=viz_share_link","https://public.tableau.com/static/images/Ir/IronVizMood/Dashboard1/1.png","https://twitter.com/_DataLoy/status/1290238418576740352","<a href='https://twitter.com/_DataLoy/status/1290238418576740352'><img src='https://public.tableau.com/static/images/Ir/IronVizMood/Dashboard1/1.png'></a>"
"1290210662623322112","domene91","https://public.tableau.com/profile/eva4667#!/vizhome/Makeuporbreakup/Makeuporbreakup","https://public.tableau.com/profile/eva4667#!/vizhome/Makeuporbreakup/Makeuporbreakup","https://public.tableau.com/static/images/Ma/Makeuporbreakup/Makeuporbreakup/1.png","https://twitter.com/domene91/status/1290210662623322112","<a href='https://twitter.com/domene91/status/1290210662623322112'><img src='https://public.tableau.com/static/images/Ma/Makeuporbreakup/Makeuporbreakup/1.png'></a>"
"1290205032508358656","Ramsri_viz","https://public.tableau.com/views/IButtons_15964398581060/IronViz2020?:language=en&:display_count=n&:origin=viz_share_link","https://public.tableau.com/views/IButtons_15964398581060/IronViz2020?:language=en&:display_count=n&:origin=viz_share_link","https://public.tableau.com/static/images/IB/IButtons_15964398581060/IronViz2020/1.png","https://twitter.com/Ramsri_viz/status/1290205032508358656","<a href='https://twitter.com/Ramsri_viz/status/1290205032508358656'><img src='https://public.tableau.com/static/images/IB/IButtons_15964398581060/IronViz2020/1.png'></a>"
"1290183041625726976","VizBySree","https://public.tableau.com/profile/navyasree.potluri5017#!/vizhome/FourWallsthatfightthecycleofdespair/FourWallsthatfightthecycleofdespair","https://public.tableau.com/profile/navyasree.potluri5017#!/vizhome/FourWallsthatfightthecycleofdespair/FourWallsthatfightthecycleofdespair","https://public.tableau.com/static/images/Fo/FourWallsthatfightthecycleofdespair/FourWallsthatfightthecycleofdespair/1.png","https://twitter.com/VizBySree/status/1290183041625726976","<a href='https://twitter.com/VizBySree/status/1290183041625726976'><img src='https://public.tableau.com/static/images/Fo/FourWallsthatfightthecycleofdespair/FourWallsthatfightthecycleofdespair/1.png'></a>"
"1289053769951584256","RcVels","https://tabsoft.co/2Xej9Tl","https://public.tableau.com/views/VelsExploratoryViz3/OrganTransplantsStoriesofHope?:language=en&:display_count=y&:origin=viz_share_link&:showVizHome=no#2","https://public.tableau.com/static/images/Ve/VelsExploratoryViz3/OrganTransplantsStoriesofHope/1.png","https://twitter.com/RcVels/status/1289053769951584256","<a href='https://twitter.com/RcVels/status/1289053769951584256'><img src='https://public.tableau.com/static/images/Ve/VelsExploratoryViz3/OrganTransplantsStoriesofHope/1.png'></a>"
"1290102953924124672","kaiserchief75","https://public.tableau.com/views/LEADINGCAUSESOFDEATH-ABORIGINALANDTORRESSTRAITISLANDERVS_NON-INDIGENOUS/Dashboard1?:language=en&:display_count=y&:origin=viz_share_link","https://public.tableau.com/views/LEADINGCAUSESOFDEATH-ABORIGINALANDTORRESSTRAITISLANDERVS_NON-INDIGENOUS/Dashboard1?:language=en&:display_count=y&:origin=viz_share_link","https://public.tableau.com/static/images/LE/LEADINGCAUSESOFDEATH-ABORIGINALANDTORRESSTRAITISLANDERVS_NON-INDIGENOUS/Dashboard1/1.png","https://twitter.com/kaiserchief75/status/1290102953924124672","<a href='https://twitter.com/kaiserchief75/status/1290102953924124672'><img src='https://public.tableau.com/static/images/LE/LEADINGCAUSESOFDEATH-ABORIGINALANDTORRESSTRAITISLANDERVS_NON-INDIGENOUS/Dashboard1/1.png'></a>"
"1290066465631006720","staticum","https://public.tableau.com/views/ATENCIONESDEURGENCIAPORMOTIVOSRESPIRATORIOSENCHILE/DASHBOARD_FINAL?:language=es&:display_count=y&publish=yes&:origin=viz_share_link","https://public.tableau.com/views/ATENCIONESDEURGENCIAPORMOTIVOSRESPIRATORIOSENCHILE/DASHBOARD_FINAL?:language=es&:display_count=y&publish=yes&:origin=viz_share_link","https://public.tableau.com/static/images/AT/ATENCIONESDEURGENCIAPORMOTIVOSRESPIRATORIOSENCHILE/DASHBOARD_FINAL/1.png","https://twitter.com/staticum/status/1290066465631006720","<a href='https://twitter.com/staticum/status/1290066465631006720'><img src='https://public.tableau.com/static/images/AT/ATENCIONESDEURGENCIAPORMOTIVOSRESPIRATORIOSENCHILE/DASHBOARD_FINAL/1.png'></a>"
"1289981004375977984","NatRchr","https://tabsoft.co/2PgfWhw","https://public.tableau.com/profile/nat4755#!/vizhome/ViolenceAgainstWomenandGirls_15963887155070/ViolenceagainstWomen","https://public.tableau.com/static/images/Vi/ViolenceAgainstWomenandGirls_15963887155070/ViolenceagainstWomen/1.png","https://twitter.com/NatRchr/status/1289981004375977984","<a href='https://twitter.com/NatRchr/status/1289981004375977984'><img src='https://public.tableau.com/static/images/Vi/ViolenceAgainstWomenandGirls_15963887155070/ViolenceagainstWomen/1.png'></a>"
"1289937312223072257","Sai_Ranjith_Viz","https://public.tableau.com/profile/ranjith.subramani#!/vizhome/Cancer-aSilentLikker/Dashboard1","https://public.tableau.com/profile/ranjith.subramani#!/vizhome/Cancer-aSilentLikker/Dashboard1","https://public.tableau.com/static/images/Ca/Cancer-aSilentLikker/Dashboard1/1.png","https://twitter.com/Sai_Ranjith_Viz/status/1289937312223072257","<a href='https://twitter.com/Sai_Ranjith_Viz/status/1289937312223072257'><img src='https://public.tableau.com/static/images/Ca/Cancer-aSilentLikker/Dashboard1/1.png'></a>"
"1289928540121493505","RinconAnnabelle","https://tabsoft.co/33lKDKy","https://public.tableau.com/profile/rincon#!/vizhome/Arewemissinganewopportunityfortheworld/Didwemissedanopportunity3?publish=yes","https://public.tableau.com/static/images/Ar/Arewemissinganewopportunityfortheworld/Didwemissedanopportunity3/1.png","https://twitter.com/RinconAnnabelle/status/1289928540121493505","<a href='https://twitter.com/RinconAnnabelle/status/1289928540121493505'><img src='https://public.tableau.com/static/images/Ar/Arewemissinganewopportunityfortheworld/Didwemissedanopportunity3/1.png'></a>"
"1289920584923504641","aashique_s","https://public.tableau.com/profile/aashique.s#!/vizhome/LifeofaSickleCellWarrior/LifeofaSICKLECELLWARRIOR","https://public.tableau.com/profile/aashique.s#!/vizhome/LifeofaSickleCellWarrior/LifeofaSICKLECELLWARRIOR","https://public.tableau.com/static/images/Li/LifeofaSickleCellWarrior/LifeofaSICKLECELLWARRIOR/1.png","https://twitter.com/aashique_s/status/1289920584923504641","<a href='https://twitter.com/aashique_s/status/1289920584923504641'><img src='https://public.tableau.com/static/images/Li/LifeofaSickleCellWarrior/LifeofaSICKLECELLWARRIOR/1.png'></a>"
"1288887727002226688","minttea102","https://public.tableau.com/profile/t.ho2902#!/vizhome/ADoctor_APandemic_AMentalHealthBattle_/Adoctor_Apandemic_Amentalhealthbattle_","https://public.tableau.com/profile/t.ho2902#!/vizhome/ADoctor_APandemic_AMentalHealthBattle_/Adoctor_Apandemic_Amentalhealthbattle_","https://public.tableau.com/static/images/AD/ADoctor_APandemic_AMentalHealthBattle_/Adoctor_Apandemic_Amentalhealthbattle_/1.png","https://twitter.com/minttea102/status/1288887727002226688","<a href='https://twitter.com/minttea102/status/1288887727002226688'><img src='https://public.tableau.com/static/images/AD/ADoctor_APandemic_AMentalHealthBattle_/Adoctor_Apandemic_Amentalhealthbattle_/1.png'></a>"
"1289657312265699328","maf2k","https://public.tableau.com/profile/michelle.frayman#!/vizhome/IronViz2020-WalksofPrivilege/PRIV","https://public.tableau.com/profile/michelle.frayman#!/vizhome/IronViz2020-WalksofPrivilege/PRIV","https://public.tableau.com/static/images/Ir/IronViz2020-WalksofPrivilege/PRIV/1.png","https://twitter.com/maf2k/status/1289657312265699328","<a href='https://twitter.com/maf2k/status/1289657312265699328'><img src='https://public.tableau.com/static/images/Ir/IronViz2020-WalksofPrivilege/PRIV/1.png'></a>"
"1289564614192009216","sue_grist","https://public.tableau.com/profile/sue.grist#!/vizhome/OrganDonationsV22020-07-280807/OrganTransplants","https://public.tableau.com/profile/sue.grist#!/vizhome/OrganDonationsV22020-07-280807/OrganTransplants","https://public.tableau.com/static/images/Or/OrganDonationsV22020-07-280807/OrganTransplants/1.png","https://twitter.com/sue_grist/status/1289564614192009216","<a href='https://twitter.com/sue_grist/status/1289564614192009216'><img src='https://public.tableau.com/static/images/Or/OrganDonationsV22020-07-280807/OrganTransplants/1.png'></a>"
"1289542323559260163","k2msehailey","https://public.tableau.com/profile/seahyun.kim.hailey.#!/vizhome/IronViz2020Areyoulivingwithsafewater/Dashboard1","https://public.tableau.com/profile/seahyun.kim.hailey.#!/vizhome/IronViz2020Areyoulivingwithsafewater/Dashboard1","https://public.tableau.com/static/images/Ir/IronViz2020Areyoulivingwithsafewater/Dashboard1/1.png","https://twitter.com/k2msehailey/status/1289542323559260163","<a href='https://twitter.com/k2msehailey/status/1289542323559260163'><img src='https://public.tableau.com/static/images/Ir/IronViz2020Areyoulivingwithsafewater/Dashboard1/1.png'></a>"
"1289269690036916231","LafosseSimon","https://public.tableau.com/views/UnderMySkin/UnderMySkin?:language=fr&:display_count=y&:origin=viz_share_link","https://public.tableau.com/views/UnderMySkin/UnderMySkin?:language=fr&:display_count=y&:origin=viz_share_link","https://public.tableau.com/static/images/Un/UnderMySkin/UnderMySkin/1.png","https://twitter.com/LafosseSimon/status/1289269690036916231","<a href='https://twitter.com/LafosseSimon/status/1289269690036916231'><img src='https://public.tableau.com/static/images/Un/UnderMySkin/UnderMySkin/1.png'></a>"
"1289224252416069632","robradburn","https://public.tableau.com/profile/robradburn#!/vizhome/WhatisPastisPrologue/Ironviz?publish=yes","https://public.tableau.com/profile/robradburn#!/vizhome/WhatisPastisPrologue/Ironviz?publish=yes","https://public.tableau.com/static/images/Wh/WhatisPastisPrologue/Ironviz/1.png","https://twitter.com/robradburn/status/1289224252416069632","<a href='https://twitter.com/robradburn/status/1289224252416069632'><img src='https://public.tableau.com/static/images/Wh/WhatisPastisPrologue/Ironviz/1.png'></a>"
"1289172677278588928","SimonBeaumont04","https://public.tableau.com/profile/simon.beaumont#!/vizhome/IronViz-TheHumanDevelopmentIndex/IronViz-TheHumanDevelopmentIndex2","https://public.tableau.com/profile/simon.beaumont#!/vizhome/IronViz-TheHumanDevelopmentIndex/IronViz-TheHumanDevelopmentIndex2","https://public.tableau.com/static/images/Ir/IronViz-TheHumanDevelopmentIndex/IronViz-TheHumanDevelopmentIndex2/1.png","https://twitter.com/SimonBeaumont04/status/1289172677278588928","<a href='https://twitter.com/SimonBeaumont04/status/1289172677278588928'><img src='https://public.tableau.com/static/images/Ir/IronViz-TheHumanDevelopmentIndex/IronViz-TheHumanDevelopmentIndex2/1.png'></a>"
"1289166775628619776","Ratnesh_Pandey1","https://tabsoft.co/39Htc8k","https://public.tableau.com/profile/ratnesh2928#!/vizhome/Testcurve/Freshwater?publish=yes","https://public.tableau.com/static/images/Te/Testcurve/Freshwater/1.png","https://twitter.com/Ratnesh_Pandey1/status/1289166775628619776","<a href='https://twitter.com/Ratnesh_Pandey1/status/1289166775628619776'><img src='https://public.tableau.com/static/images/Te/Testcurve/Freshwater/1.png'></a>"
"1288058911270948869","VizMaestro","https://public.tableau.com/views/Covid-19ClinicaltrialsAninsightintoVaccineDrugresearchironviz2020infographic/Mark1?:language=en&:display_count=y&:toolbar=n&:origin=viz_share_link","https://public.tableau.com/views/Covid-19ClinicaltrialsAninsightintoVaccineDrugresearchironviz2020infographic/Mark1?:language=en&:display_count=y&:toolbar=n&:origin=viz_share_link","https://public.tableau.com/static/images/Co/Covid-19ClinicaltrialsAninsightintoVaccineDrugresearchironviz2020infographic/Mark1/1.png","https://twitter.com/VizMaestro/status/1288058911270948869","<a href='https://twitter.com/VizMaestro/status/1288058911270948869'><img src='https://public.tableau.com/static/images/Co/Covid-19ClinicaltrialsAninsightintoVaccineDrugresearchironviz2020infographic/Mark1/1.png'></a>"
"1288901261295865857","Juanma_MN","https://tabsoft.co/2BNgWXA","https://public.tableau.com/profile/juanma4308#!/vizhome/HeatlhandWellness-projecthealthviz/ProjectViz","https://public.tableau.com/static/images/He/HeatlhandWellness-projecthealthviz/ProjectViz/1.png","https://twitter.com/Juanma_MN/status/1288901261295865857","<a href='https://twitter.com/Juanma_MN/status/1288901261295865857'><img src='https://public.tableau.com/static/images/He/HeatlhandWellness-projecthealthviz/ProjectViz/1.png'></a>"
"1288823628860014592","ScottKimly","https://public.tableau.com/views/IronViz2020EveryMotherCounts-ExploringMaternalHealth/EveryMotherCounts?:language=en-GB&:display_count=y&:origin=viz_share_link","https://public.tableau.com/views/IronViz2020EveryMotherCounts-ExploringMaternalHealth/EveryMotherCounts?:language=en-GB&:display_count=y&:origin=viz_share_link","https://public.tableau.com/static/images/Ir/IronViz2020EveryMotherCounts-ExploringMaternalHealth/EveryMotherCounts/1.png","https://twitter.com/ScottKimly/status/1288823628860014592","<a href='https://twitter.com/ScottKimly/status/1288823628860014592'><img src='https://public.tableau.com/static/images/Ir/IronViz2020EveryMotherCounts-ExploringMaternalHealth/EveryMotherCounts/1.png'></a>"
"1288741569516965889","VecchLea","https://public.tableau.com/views/Classeur1_15859272326250/Thesecretsoflivinglonger?:language=fr&:display_count=y&publish=yes&:origin=viz_share_link","https://public.tableau.com/views/Classeur1_15859272326250/Thesecretsoflivinglonger?:language=fr&:display_count=y&publish=yes&:origin=viz_share_link","https://public.tableau.com/static/images/Cl/Classeur1_15859272326250/Thesecretsoflivinglonger/1.png","https://twitter.com/VecchLea/status/1288741569516965889","<a href='https://twitter.com/VecchLea/status/1288741569516965889'><img src='https://public.tableau.com/static/images/Cl/Classeur1_15859272326250/Thesecretsoflivinglonger/1.png'></a>"
"1288562046020198400","dataisvital","https://tabsoft.co/310hF08","https://public.tableau.com/profile/ankush.laxmeshwar3835#!/vizhome/OnlineMeetings-ExpectationsVsReality/OnlineMeetings-ExpectationsVsReality","https://public.tableau.com/static/images/On/OnlineMeetings-ExpectationsVsReality/OnlineMeetings-ExpectationsVsReality/1.png","https://twitter.com/dataisvital/status/1288562046020198400","<a href='https://twitter.com/dataisvital/status/1288562046020198400'><img src='https://public.tableau.com/static/images/On/OnlineMeetings-ExpectationsVsReality/OnlineMeetings-ExpectationsVsReality/1.png'></a>"
"1288464843285188608","BMooreWasTaken","https://public.tableau.com/profile/brian.moore7221#!/vizhome/HappinessAroundtheWorld_15958968487800/Happiness","https://public.tableau.com/profile/brian.moore7221#!/vizhome/HappinessAroundtheWorld_15958968487800/Happiness","https://public.tableau.com/static/images/Ha/HappinessAroundtheWorld_15958968487800/Happiness/1.png","https://twitter.com/BMooreWasTaken/status/1288464843285188608","<a href='https://twitter.com/BMooreWasTaken/status/1288464843285188608'><img src='https://public.tableau.com/static/images/Ha/HappinessAroundtheWorld_15958968487800/Happiness/1.png'></a>"
"1288440075316015104","Anjushreebv","https://public.tableau.com/views/IronViz-LEPROSYIndiashiddenplague/LEPROSYIndiashiddenplague?:language=en&:display_count=y&:origin=viz_share_link","https://public.tableau.com/views/IronViz-LEPROSYIndiashiddenplague/LEPROSYIndiashiddenplague?:language=en&:display_count=y&:origin=viz_share_link","https://public.tableau.com/static/images/Ir/IronViz-LEPROSYIndiashiddenplague/LEPROSYIndiashiddenplague/1.png","https://twitter.com/Anjushreebv/status/1288440075316015104","<a href='https://twitter.com/Anjushreebv/status/1288440075316015104'><img src='https://public.tableau.com/static/images/Ir/IronViz-LEPROSYIndiashiddenplague/LEPROSYIndiashiddenplague/1.png'></a>"
"1288269445937483776","amyyyster","https://public.tableau.com/views/ChemicalsinCosmetics_15953635587470/Dashboard?:language=en&:display_count=y&publish=yes&:origin=viz_share_link","https://public.tableau.com/views/ChemicalsinCosmetics_15953635587470/Dashboard?:language=en&:display_count=y&publish=yes&:origin=viz_share_link","https://public.tableau.com/static/images/Ch/ChemicalsinCosmetics_15953635587470/Dashboard/1.png","https://twitter.com/amyyyster/status/1288269445937483776","<a href='https://twitter.com/amyyyster/status/1288269445937483776'><img src='https://public.tableau.com/static/images/Ch/ChemicalsinCosmetics_15953635587470/Dashboard/1.png'></a>"
"1288019985445482496","AIExpTablFtZen","https://public.tableau.com/profile/vignesh.suresh1214#!/vizhome/IronViz2020Every3Seconds/Introduction?publish=yes","https://public.tableau.com/profile/vignesh.suresh1214#!/vizhome/IronViz2020Every3Seconds/Introduction?publish=yes","https://public.tableau.com/static/images/Ir/IronViz2020Every3Seconds/Introduction/1.png","https://twitter.com/AIExpTablFtZen/status/1288019985445482496","<a href='https://twitter.com/AIExpTablFtZen/status/1288019985445482496'><img src='https://public.tableau.com/static/images/Ir/IronViz2020Every3Seconds/Introduction/1.png'></a>"
"1287917294002343937","jaxx084","https://public.tableau.com/profile/jacqui.moore#!/vizhome/WashYourHands-COVID-19/WashYourHands-COVID-19","https://public.tableau.com/profile/jacqui.moore#!/vizhome/WashYourHands-COVID-19/WashYourHands-COVID-19","https://public.tableau.com/static/images/Wa/WashYourHands-COVID-19/WashYourHands-COVID-19/1.png","https://twitter.com/jaxx084/status/1287917294002343937","<a href='https://twitter.com/jaxx084/status/1287917294002343937'><img src='https://public.tableau.com/static/images/Wa/WashYourHands-COVID-19/WashYourHands-COVID-19/1.png'></a>"
"1287879638207721473","AnalyticsWhy","https://public.tableau.com/views/BehindTheMask/Health?:language=en&:display_count=y&:origin=viz_share_link","https://public.tableau.com/views/BehindTheMask/Health?:language=en&:display_count=y&:origin=viz_share_link","https://public.tableau.com/static/images/Be/BehindTheMask/Health/1.png","https://twitter.com/AnalyticsWhy/status/1287879638207721473","<a href='https://twitter.com/AnalyticsWhy/status/1287879638207721473'><img src='https://public.tableau.com/static/images/Be/BehindTheMask/Health/1.png'></a>"
"1287784526249431042","data__vizard","https://public.tableau.com/profile/dhruv.popat#!/vizhome/MentalHealthvsPhysicalHealthIronViz/dashboard","https://public.tableau.com/profile/dhruv.popat#!/vizhome/MentalHealthvsPhysicalHealthIronViz/dashboard","https://public.tableau.com/static/images/Me/MentalHealthvsPhysicalHealthIronViz/dashboard/1.png","https://twitter.com/data__vizard/status/1287784526249431042","<a href='https://twitter.com/data__vizard/status/1287784526249431042'><img src='https://public.tableau.com/static/images/Me/MentalHealthvsPhysicalHealthIronViz/dashboard/1.png'></a>"
"1287771585039020032","bluedilphia","https://tabsoft.co/2P3ws4k","https://public.tableau.com/profile/kasia.gasiewska.holc#!/vizhome/Swarmingoutofcontrol/Swarmingoutofcontrol","https://public.tableau.com/static/images/Sw/Swarmingoutofcontrol/Swarmingoutofcontrol/1.png","https://twitter.com/bluedilphia/status/1287771585039020032","<a href='https://twitter.com/bluedilphia/status/1287771585039020032'><img src='https://public.tableau.com/static/images/Sw/Swarmingoutofcontrol/Swarmingoutofcontrol/1.png'></a>"
"1287470126833573889","Mati_Karmalski","https://tabsoft.co/3hC1v3v","https://public.tableau.com/profile/mateusz.karmalski#!/vizhome/AmericanTimeUseSurveyIronviz/AmericanTimeUseSurvey","https://public.tableau.com/static/images/Am/AmericanTimeUseSurveyIronviz/AmericanTimeUseSurvey/1.png","https://twitter.com/Mati_Karmalski/status/1287470126833573889","<a href='https://twitter.com/Mati_Karmalski/status/1287470126833573889'><img src='https://public.tableau.com/static/images/Am/AmericanTimeUseSurveyIronviz/AmericanTimeUseSurvey/1.png'></a>"
"1287149562336104455","WilhelmsBrick","https://public.tableau.com/profile/liam2029#!/vizhome/ironvizwip/Dashboard1","https://public.tableau.com/profile/liam2029#!/vizhome/ironvizwip/Dashboard1","https://public.tableau.com/static/images/ir/ironvizwip/Dashboard1/1.png","https://twitter.com/WilhelmsBrick/status/1287149562336104455","<a href='https://twitter.com/WilhelmsBrick/status/1287149562336104455'><img src='https://public.tableau.com/static/images/ir/ironvizwip/Dashboard1/1.png'></a>"
"1286997593071943680","mrroweuk","https://public.tableau.com/views/IronViz-GlobalWellnessPhysicalActivity/MainDashboard?:language=en-GB&:display_count=y&publish=yes&:origin=viz_share_link","https://public.tableau.com/views/IronViz-GlobalWellnessPhysicalActivity/MainDashboard?:language=en-GB&:display_count=y&publish=yes&:origin=viz_share_link","https://public.tableau.com/static/images/Ir/IronViz-GlobalWellnessPhysicalActivity/MainDashboard/1.png","https://twitter.com/mrroweuk/status/1286997593071943680","<a href='https://twitter.com/mrroweuk/status/1286997593071943680'><img src='https://public.tableau.com/static/images/Ir/IronViz-GlobalWellnessPhysicalActivity/MainDashboard/1.png'></a>"
"1286739085638488069","ZenDollData","https://public.tableau.com/views/TheImportanceofSleep-IronViz2020mobileapp/Home?:language=en&:display_count=y&publish=yes&:origin=viz_share_link","https://public.tableau.com/views/TheImportanceofSleep-IronViz2020mobileapp/Home?:language=en&:display_count=y&publish=yes&:origin=viz_share_link","https://public.tableau.com/static/images/Th/TheImportanceofSleep-IronViz2020mobileapp/Home/1.png","https://twitter.com/ZenDollData/status/1286739085638488069","<a href='https://twitter.com/ZenDollData/status/1286739085638488069'><img src='https://public.tableau.com/static/images/Th/TheImportanceofSleep-IronViz2020mobileapp/Home/1.png'></a>"
"1286630252291203073","NablaVanderlyle","https://public.tableau.com/profile/lisa.rapp#!/vizhome/AntimicrobialResistance/AntimicrobialResistance","https://public.tableau.com/profile/lisa.rapp#!/vizhome/AntimicrobialResistance/AntimicrobialResistance","https://public.tableau.com/static/images/An/AntimicrobialResistance/AntimicrobialResistance/1.png","https://twitter.com/NablaVanderlyle/status/1286630252291203073","<a href='https://twitter.com/NablaVanderlyle/status/1286630252291203073'><img src='https://public.tableau.com/static/images/An/AntimicrobialResistance/AntimicrobialResistance/1.png'></a>"
"1283833806114496516","cafecitoviz","https://public.tableau.com/profile/cafecitoviz#!/vizhome/COVIDGenes/CoronavirusGenes","https://public.tableau.com/profile/cafecitoviz#!/vizhome/COVIDGenes/CoronavirusGenes","https://public.tableau.com/static/images/CO/COVIDGenes/CoronavirusGenes/1.png","https://twitter.com/cafecitoviz/status/1283833806114496516","<a href='https://twitter.com/cafecitoviz/status/1283833806114496516'><img src='https://public.tableau.com/static/images/CO/COVIDGenes/CoronavirusGenes/1.png'></a>"
"1285206929078284290","OneSoulVizard","https://public.tableau.com/views/MentalHealth_IronViz_2020/MentalHealth?:language=en&:display_count=y&:origin=viz_share_link","https://public.tableau.com/views/MentalHealth_IronViz_2020/MentalHealth?:language=en&:display_count=y&:origin=viz_share_link","https://public.tableau.com/static/images/Me/MentalHealth_IronViz_2020/MentalHealth/1.png","https://twitter.com/OneSoulVizard/status/1285206929078284290","<a href='https://twitter.com/OneSoulVizard/status/1285206929078284290'><img src='https://public.tableau.com/static/images/Me/MentalHealth_IronViz_2020/MentalHealth/1.png'></a>"
"1283443536462061568","MarkConnolly2","https://public.tableau.com/profile/mark.connolly#!/vizhome/BirthMark/BirthMark","https://public.tableau.com/profile/mark.connolly#!/vizhome/BirthMark/BirthMark","https://public.tableau.com/static/images/Bi/BirthMark/BirthMark/1.png","https://twitter.com/MarkConnolly2/status/1283443536462061568","<a href='https://twitter.com/MarkConnolly2/status/1283443536462061568'><img src='https://public.tableau.com/static/images/Bi/BirthMark/BirthMark/1.png'></a>"
"1283827563559780352","ZachBowders","https://public.tableau.com/profile/zach.bowders#!/vizhome/CMYK-AStoryofComicsColorPrintingRepresentation/CMYK","https://public.tableau.com/profile/zach.bowders#!/vizhome/CMYK-AStoryofComicsColorPrintingRepresentation/CMYK","https://public.tableau.com/static/images/CM/CMYK-AStoryofComicsColorPrintingRepresentation/CMYK/1.png","https://twitter.com/ZachBowders/status/1283827563559780352","<a href='https://twitter.com/ZachBowders/status/1283827563559780352'><img src='https://public.tableau.com/static/images/CM/CMYK-AStoryofComicsColorPrintingRepresentation/CMYK/1.png'></a>"
"1285962362151895041","datavizDB","https://tinyurl.com/y6ynxds9","https://public.tableau.com/profile/david.borczuk#!/vizhome/IronVizTheEconomyofHealthcare/TheEconomyofHealthcare","https://public.tableau.com/static/images/Ir/IronVizTheEconomyofHealthcare/TheEconomyofHealthcare/1.png","https://twitter.com/datavizDB/status/1285962362151895041","<a href='https://twitter.com/datavizDB/status/1285962362151895041'><img src='https://public.tableau.com/static/images/Ir/IronVizTheEconomyofHealthcare/TheEconomyofHealthcare/1.png'></a>"
"1285937202493415429","ksingh8391","https://tabsoft.co/2WLVj11","https://public.tableau.com/profile/komal2084#!/vizhome/Ironviz-2020-AreyoucatchingyourZzzs/Ironviz-2020-AreyoucatchingyourZzzs","https://public.tableau.com/static/images/Ir/Ironviz-2020-AreyoucatchingyourZzzs/Ironviz-2020-AreyoucatchingyourZzzs/1.png","https://twitter.com/ksingh8391/status/1285937202493415429","<a href='https://twitter.com/ksingh8391/status/1285937202493415429'><img src='https://public.tableau.com/static/images/Ir/Ironviz-2020-AreyoucatchingyourZzzs/Ironviz-2020-AreyoucatchingyourZzzs/1.png'></a>"
"1288920362693033986","jreevers5","https://public.tableau.com/views/ReactiveAttachmentDisorderRAD/ReactiveAttachmentDisorder?:language=en&:display_count=y&:origin=viz_share_link","https://public.tableau.com/views/ReactiveAttachmentDisorderRAD/ReactiveAttachmentDisorder?:language=en&:display_count=y&:origin=viz_share_link","https://public.tableau.com/static/images/Re/ReactiveAttachmentDisorderRAD/ReactiveAttachmentDisorder/1.png","https://twitter.com/jreevers5/status/1288920362693033986","<a href='https://twitter.com/jreevers5/status/1288920362693033986'><img src='https://public.tableau.com/static/images/Re/ReactiveAttachmentDisorderRAD/ReactiveAttachmentDisorder/1.png'></a>"
"1285560368304095238","p_padham","https://public.tableau.com/views/IronVizAStudyofHappiness_15950938606200/Happiness?:language=en-GB&:display_count=y&publish=yes&:origin=viz_share_link","https://public.tableau.com/views/IronVizAStudyofHappiness_15950938606200/Happiness?:language=en-GB&:display_count=y&publish=yes&:origin=viz_share_link","https://public.tableau.com/static/images/Ir/IronVizAStudyofHappiness_15950938606200/Happiness/1.png","https://twitter.com/p_padham/status/1285560368304095238","<a href='https://twitter.com/p_padham/status/1285560368304095238'><img src='https://public.tableau.com/static/images/Ir/IronVizAStudyofHappiness_15950938606200/Happiness/1.png'></a>"
"1287756788792729600","pradeep_zen","https://public.tableau.com/profile/pradeepkumar.g#!/vizhome/WhatisReallyinYourCosmetics/IronViz","https://public.tableau.com/profile/pradeepkumar.g#!/vizhome/WhatisReallyinYourCosmetics/IronViz","https://public.tableau.com/static/images/Wh/WhatisReallyinYourCosmetics/IronViz/1.png","https://twitter.com/pradeep_zen/status/1287756788792729600","<a href='https://twitter.com/pradeep_zen/status/1287756788792729600'><img src='https://public.tableau.com/static/images/Wh/WhatisReallyinYourCosmetics/IronViz/1.png'></a>"
"1289963456188125184","meads2","https://public.tableau.com/profile/matt.eads#!/vizhome/Ironviz_15963852159300/Ironviz","https://public.tableau.com/profile/matt.eads#!/vizhome/Ironviz_15963852159300/Ironviz","https://public.tableau.com/static/images/Ir/Ironviz_15963852159300/Ironviz/1.png","https://twitter.com/meads2/status/1289963456188125184","<a href='https://twitter.com/meads2/status/1289963456188125184'><img src='https://public.tableau.com/static/images/Ir/Ironviz_15963852159300/Ironviz/1.png'></a>"
"1289991272493535233","_juliks_","https://public.tableau.com/profile/anjulika.sahgal6117#!/vizhome/MenstruationVizforIronViz2020/FinalIronViz","https://public.tableau.com/profile/anjulika.sahgal6117#!/vizhome/MenstruationVizforIronViz2020/FinalIronViz","https://public.tableau.com/static/images/Me/MenstruationVizforIronViz2020/FinalIronViz/1.png","https://twitter.com/_juliks_/status/1289991272493535233","<a href='https://twitter.com/_juliks_/status/1289991272493535233'><img src='https://public.tableau.com/static/images/Me/MenstruationVizforIronViz2020/FinalIronViz/1.png'></a>"
"1290311743118422016","rikitarughwani","https://public.tableau.com/views/overview_15963652170700/MenstrualHygiene?:language=en&:display_count=y&:origin=viz_share_link","https://public.tableau.com/views/overview_15963652170700/MenstrualHygiene?:language=en&:display_count=y&:origin=viz_share_link","https://public.tableau.com/static/images/ov/overview_15963652170700/MenstrualHygiene/1.png","https://twitter.com/rikitarughwani/status/1290311743118422016","<a href='https://twitter.com/rikitarughwani/status/1290311743118422016'><img src='https://public.tableau.com/static/images/ov/overview_15963652170700/MenstrualHygiene/1.png'></a>"
"1290406989932253189","simon_arira","https://public.tableau.com/profile/simon.arira#!/vizhome/GetHappy/GetHappy","https://public.tableau.com/profile/simon.arira#!/vizhome/GetHappy/GetHappy","https://public.tableau.com/static/images/Ge/GetHappy/GetHappy/1.png","https://twitter.com/simon_arira/status/1290406989932253189","<a href='https://twitter.com/simon_arira/status/1290406989932253189'><img src='https://public.tableau.com/static/images/Ge/GetHappy/GetHappy/1.png'></a>"
"1290796515879862272","jgig12","https://public.tableau.com/profile/justin.giger#!/vizhome/StateoftheTerritories/TerritoryDashboard","https://public.tableau.com/profile/justin.giger#!/vizhome/StateoftheTerritories/TerritoryDashboard","https://public.tableau.com/static/images/St/StateoftheTerritories/TerritoryDashboard/1.png","https://twitter.com/jgig12/status/1290796515879862272","<a href='https://twitter.com/jgig12/status/1290796515879862272'><img src='https://public.tableau.com/static/images/St/StateoftheTerritories/TerritoryDashboard/1.png'></a>"
"1290721334549516288","Josh_Ng98","https://public.tableau.com/profile/josh.ng#!/vizhome/FoodDesertsWherearetheyandwhoareaffected/FinalDash","https://public.tableau.com/profile/josh.ng#!/vizhome/FoodDesertsWherearetheyandwhoareaffected/FinalDash","https://public.tableau.com/static/images/Fo/FoodDesertsWherearetheyandwhoareaffected/FinalDash/1.png","https://twitter.com/Josh_Ng98/status/1290721334549516288","<a href='https://twitter.com/Josh_Ng98/status/1290721334549516288'><img src='https://public.tableau.com/static/images/Fo/FoodDesertsWherearetheyandwhoareaffected/FinalDash/1.png'></a>"
"1290939514177937408","Alexanalytics1","https://public.tableau.com/views/IronViz_15956250432340/INTRO?:language=en&:display_count=y&:origin=viz_share_link","https://public.tableau.com/views/IronViz_15956250432340/INTRO?:language=en&:display_count=y&:origin=viz_share_link","https://public.tableau.com/static/images/Ir/IronViz_15956250432340/INTRO/1.png","https://twitter.com/Alexanalytics1/status/1290939514177937408","<a href='https://twitter.com/Alexanalytics1/status/1290939514177937408'><img src='https://public.tableau.com/static/images/Ir/IronViz_15956250432340/INTRO/1.png'></a>"
"1290952501508943872","MarionaBanyeres","https://public.tableau.com/profile/mariona.banyeres#!/vizhome/Dailyuncertaintyininsulintherapy/Dashboard2","https://public.tableau.com/profile/mariona.banyeres#!/vizhome/Dailyuncertaintyininsulintherapy/Dashboard2","https://public.tableau.com/static/images/Da/Dailyuncertaintyininsulintherapy/Dashboard2/1.png","https://twitter.com/MarionaBanyeres/status/1290952501508943872","<a href='https://twitter.com/MarionaBanyeres/status/1290952501508943872'><img src='https://public.tableau.com/static/images/Da/Dailyuncertaintyininsulintherapy/Dashboard2/1.png'></a>"
"1290908538349342721","GarimaAnand1122","https://public.tableau.com/views/AnAnalysisOfTheCosmeticsIndustryInCalifornia/IronViz2020?:language=en&:display_count=y&publish=yes&:origin=viz_share_link","https://public.tableau.com/views/AnAnalysisOfTheCosmeticsIndustryInCalifornia/IronViz2020?:language=en&:display_count=y&publish=yes&:origin=viz_share_link","https://public.tableau.com/static/images/An/AnAnalysisOfTheCosmeticsIndustryInCalifornia/IronViz2020/1.png","https://twitter.com/GarimaAnand1122/status/1290908538349342721","<a href='https://twitter.com/GarimaAnand1122/status/1290908538349342721'><img src='https://public.tableau.com/static/images/An/AnAnalysisOfTheCosmeticsIndustryInCalifornia/IronViz2020/1.png'></a>"
"1290882343851323393","J_Lemaire","https://public.tableau.com/views/hellobonjour/hellobonjour-Health?:language=en&:display_count=y&:origin=viz_share_link","https://public.tableau.com/views/hellobonjour/hellobonjour-Health?:language=en&:display_count=y&:origin=viz_share_link","https://public.tableau.com/static/images/he/hellobonjour/hellobonjour-Health/1.png","https://twitter.com/J_Lemaire/status/1290882343851323393","<a href='https://twitter.com/J_Lemaire/status/1290882343851323393'><img src='https://public.tableau.com/static/images/he/hellobonjour/hellobonjour-Health/1.png'></a>"
"1290852617833328640","3lprof3","https://tabsoft.co/3kkiYjt","https://public.tableau.com/profile/david.brezler#!/vizhome/WestchesterCountyInfluenzametrics/Dashboard1","https://public.tableau.com/static/images/We/WestchesterCountyInfluenzametrics/Dashboard1/1.png","https://twitter.com/3lprof3/status/1290852617833328640","<a href='https://twitter.com/3lprof3/status/1290852617833328640'><img src='https://public.tableau.com/static/images/We/WestchesterCountyInfluenzametrics/Dashboard1/1.png'></a>"
